INSERT INTO act (id, start_date) VALUES ('4.0000', '2018-01-01');
INSERT INTO act_name (act_id, language, name) VALUES ('4.0000', 'fr', 'Examen; premier avis');
INSERT INTO act_point (act_id, point_type, point) VALUES ('4.0000', 'aa', 73.20);
INSERT INTO act_point (act_id, point_type, point) VALUES ('4.0000', 'am', 73.20);
INSERT INTO act_point (act_id, point_type, point) VALUES ('4.0000', 'ai', 73.20);
INSERT INTO act_point (act_id, point_type, point) VALUES ('4.0000', 'pp_min', 62.20);
INSERT INTO act_point (act_id, point_type, point) VALUES ('4.0000', 'pp_max', 84.20);
<<<<<<< HEAD
INSERT INTO act_point (act_id, point_type, point) VALUES ('6.0000', 'pp_max', 99.99);
=======

>>>>>>> c6740c8dc4e6e69e5f3be7ef55127ed511d52617
INSERT INTO act (id, start_date) VALUES ('5.0000', '2018-01-01');
INSERT INTO act_name (act_id, language, name) VALUES ('5.0000', 'fr', 'Examen; deuxième avis');
INSERT INTO act_point (act_id, point_type, point) VALUES ('5.0000', 'aa', 74.20);
INSERT INTO act_point (act_id, point_type, point) VALUES ('5.0000', 'am', 74.20);
INSERT INTO act_point (act_id, point_type, point) VALUES ('5.0000', 'ai', 74.20);
INSERT INTO act_point (act_id, point_type, point) VALUES ('5.0000', 'pp_min', 65.20);
INSERT INTO act_point (act_id, point_type, point) VALUES ('5.0000', 'pp_max', 88.20);

INSERT INTO act (id, start_date) VALUES ('6.0000', '2018-01-01');
INSERT INTO act_name (act_id, language, name) VALUES ('6.0000', 'fr', 'Discussion intense avec le patient, juste pour passer le temps');
INSERT INTO act_point (act_id, point_type, point) VALUES ('6.0000', 'aa', 99.99);
INSERT INTO act_point (act_id, point_type, point) VALUES ('6.0000', 'am', 99.99);
INSERT INTO act_point (act_id, point_type, point) VALUES ('6.0000', 'ai', 99.99);
INSERT INTO act_point (act_id, point_type, point) VALUES ('6.0000', 'pp_min', 99.99);
<<<<<<< HEAD
=======
INSERT INTO act_point (act_id, point_type, point) VALUES ('6.0000', 'pp_max', 99.99);
>>>>>>> c6740c8dc4e6e69e5f3be7ef55127ed511d52617
